<?xml version="1.0" encoding="UTF-8" ?>
<JavaBean xmlns="http://xmlns.oracle.com/adfm/beanmodel" version="12.2.1.0.31"
          id="AprobacionManualOrdenesCompraPayloadType"
          Package="AprobacionManualOrdenCompra_AprobacionManualOrdenesCompra"
          BeanClass="AprobacionManualOrdenCompra_AprobacionManualOrdenesCompra.AprobacionManualOrdenesCompraPayloadType"
          isJavaBased="false">
  <AccessorAttribute id="Orden" IsCollection="true"
                     BeanClass="AprobacionManualOrdenCompra_AprobacionManualOrdenesCompra.OrdenType"
                     CollectionBeanClass="AprobacionManualOrdenCompra_AprobacionManualOrdenesCompra.OrdenType_Orden_Operations">
    <Properties>
      <Property Name="minOccurs" Value="1"/>
      <Property Name="maxOccurs" Value="1"/>
      <Property Name="LABEL" Value="Orden"/>
      <Property Name="nillable" Value="false"/>
      <Property Name="originalName" Value="Orden"/>
      <Property Name="targetNamespace" Value="http://www.example.org"/>
    </Properties>
  </AccessorAttribute>
</JavaBean>
