<?xml version="1.0" encoding="windows-1252"?>
<faces-config version="2.1" xmlns="http://java.sun.com/xml/ns/javaee">
  <application>
    <default-render-kit-id>oracle.adf.rich</default-render-kit-id>
    <locale-config>
      <default-locale>en</default-locale>
    </locale-config>
    <message-bundle>oracle.bpel.services.workflow.worklist.resources.worklist</message-bundle>
    <resource-bundle>
      <base-name>oracle.bpel.services.workflow.worklist.resources.worklist</base-name>
      <var>resources</var>
    </resource-bundle>
  </application>
  <converter>
    <converter-id>dateTimeConvertor</converter-id>
    <converter-class>oracle.bpel.services.workflow.worklist.adf.DateToStringConvertor</converter-class>
  </converter>
  <component>
    <component-type>worklist.dc.taskhistory.TaskHistoryComponentType</component-type>
    <component-class>worklist.dc.taskhistory.TaskHistoryComponent</component-class>
  </component>
  <component>
    <component-type>worklist.ecm.manageDocments.ManageDocumentsComponentType</component-type>
    <component-class>worklist.ecm.manageDocments.ManageDocumentsComponent</component-class>
  </component>
  <component>
    <component-type>worklist.dc.identitybrowser.IdentityBrowserComponentType</component-type>
    <component-class>worklist.dc.identitybrowser.IdentityBrowserComponent</component-class>
  </component>
  <component>
    <component-type>worklist.dc.query.QueryComponentType</component-type>
    <component-class>worklist.dc.query.QueryComponent</component-class>
  </component>
  <component>
    <component-type>worklist.dc.tasktypebrowser.TaskTypeBrowserComponentType</component-type>
    <component-class>worklist.dc.tasktypebrowser.TaskTypeBrowserComponent</component-class>
  </component>
  <component>
    <component-type>worklist.dc.requestinfo.RequestInfoDialogComponentType</component-type>
    <component-class>worklist.dc.requestinfo.RequestInfoDialogComponent</component-class>
  </component>
  <component>
    <component-type>worklist.dc.accessibility.AccessibilityComponentType</component-type>
    <component-class>worklist.dc.accessibility.AccessibilityComponent</component-class>
  </component>
  <component>
    <component-type>worklist.dc.decomposition.TaskDecomposeComponentType</component-type>
    <component-class>worklist.dc.decomposition.TaskDecomposeComponent</component-class>
  </component>
  <component>
    <component-type>worklist.dc.upkhelp.UpkHelpComponentType</component-type>
    <component-class>worklist.dc.upkhelp.UpkHelpComponent</component-class>
  </component>
</faces-config>