<?xml version="1.0" encoding="UTF-8" ?>
<!-- Generated by Oracle SOA Modeler version 12.2.1.0.0.151013 at [5/25/16 9:59 AM]. -->
<composite name="ProcesamientoOrdenesCompra"
           revision="1.0"
           label="2016-05-25_09-59-32_977"
           mode="active"
           state="on"
           xmlns="http://xmlns.oracle.com/sca/1.0"
           xmlns:xs="http://www.w3.org/2001/XMLSchema"
           xmlns:wsp="http://schemas.xmlsoap.org/ws/2004/09/policy"
           xmlns:orawsp="http://schemas.oracle.com/ws/2006/01/policy"
           xmlns:ui="http://xmlns.oracle.com/soa/designer/"
           xmlns:sca-ext="http://xmlns.oracle.com/sca/1.0-ext">
  <import namespace="http://oracle.com/sca/soapservice/ProcesamientoOrdenesCompra/ProcesamientoOrdenesCompra/OrdenCompraService"
          location="WSDLs/OrdenCompraService.wsdl" importType="wsdl"/>
  <import namespace="http://xmlns.oracle.com/pcbpel/adapter/file/ProcesamientoOrdenesCompra/ProcesamientoOrdenesCompra/GuardaOrdenCompraValidada"
          location="WSDLs/GuardaOrdenCompraValidada.wsdl" importType="wsdl"/>
  <service name="OrdenCompraService" ui:wsdlLocation="WSDLs/OrdenCompraService.wsdl">
    <interface.wsdl interface="http://oracle.com/sca/soapservice/ProcesamientoOrdenesCompra/ProcesamientoOrdenesCompra/OrdenCompraService#wsdl.interface(execute_ptt)"/>
    <binding.ws port="http://oracle.com/sca/soapservice/ProcesamientoOrdenesCompra/ProcesamientoOrdenesCompra/OrdenCompraService#wsdl.endpoint(OrdenCompraService/execute_pt)">
      <property name="weblogic.wsee.wsat.transaction.flowOption" type="xs:string" many="false">NEVER</property>
    </binding.ws>
  </service>
  <property name="productVersion" type="xs:string" many="false">12.2.1.0.0.151013</property>
  <property name="compositeID" type="xs:string" many="false">db3b23c5-6e28-4c8a-837f-2352b1c6ff74</property>
  <component name="RuteaProcesamientoORden">
    <implementation.mediator src="Mediators/RuteaProcesamientoORden.mplan"/>
    <componentType>
      <service name="RuteaProcesamientoORden" ui:wsdlLocation="WSDLs/OrdenCompraService.wsdl">
        <interface.wsdl interface="http://oracle.com/sca/soapservice/ProcesamientoOrdenesCompra/ProcesamientoOrdenesCompra/OrdenCompraService#wsdl.interface(execute_ptt)"/>
      </service>
      <reference name="GuardaOrdenCompraValidada" ui:wsdlLocation="WSDLs/GuardaOrdenCompraValidada.wsdl">
        <interface.wsdl interface="http://xmlns.oracle.com/pcbpel/adapter/file/ProcesamientoOrdenesCompra/ProcesamientoOrdenesCompra/GuardaOrdenCompraValidada#wsdl.interface(Write_ptt)"/>
      </reference>
    </componentType>
  </component>
  <reference name="GuardaOrdenCompraValidada" ui:wsdlLocation="WSDLs/GuardaOrdenCompraValidada.wsdl">
    <interface.wsdl interface="http://xmlns.oracle.com/pcbpel/adapter/file/ProcesamientoOrdenesCompra/ProcesamientoOrdenesCompra/GuardaOrdenCompraValidada#wsdl.interface(Write_ptt)"/>
    <binding.jca config="Adapters/GuardaOrdenCompraValidada_file.jca"/>
  </reference>
  <wire>
    <source.uri>OrdenCompraService</source.uri>
    <target.uri>RuteaProcesamientoORden/RuteaProcesamientoORden</target.uri>
  </wire>
  <wire>
    <source.uri>RuteaProcesamientoORden/GuardaOrdenCompraValidada</source.uri>
    <target.uri>GuardaOrdenCompraValidada</target.uri>
  </wire>
</composite>
