<?xml version = '1.0' encoding = 'UTF-8'?>
<graphics>
   <diagram optimizeLayout="false" fixedWidthSwimlanes="true" roundedPartnerlinks="true" centerZoom="true" validateOnLoad="true" confirmBeforeDelete="true" selectedPartnerLinkColor="49,105,198" swimlaneBackground="240,240,240" swimlaneDividerBackground="218,218,218" graphBackground="255,255,255" selectedBorderBackground="49,105,198" connectedPartnerLinkColor="204,204,255" connectablePartnerLinkColor="0,0,255" unconnectedPartnerLinkColor="192,192,192"/>
   <annotationfile/>
   <iconize/>
   <partnerlink_locations>
      <partnerlink name="validaordenescomprabpel_client" x="0" y="583" side="left"/>
      <partnerlink name="AprobacionManualOrdenesCompra.TaskService" x="0" y="18" side="left"/>
      <partnerlink name="ValidaTarjetaCredito" x="1322" y="284" side="right"/>
   </partnerlink_locations>
   <graph_layout viewport="404,579,830,433" show_swimlanes="true">
      <layout_item collapsed="false" xpath="/process" type="process" showhandlers="true"/>
      <layout_item collapsed="false" xpath="/process/sequence" type="sequence"/>
      <layout_item collapsed="false" xpath="/process/sequence/if/sequence" type="sequence"/>
      <layout_item collapsed="true" xpath="/process/sequence/if/sequence/scope" type="human task" showhandlers="true"/>
      <layout_item collapsed="false" xpath="/process/sequence/if/sequence/scope/sequence" type="sequence"/>
      <layout_item collapsed="false" xpath="/process/sequence/if/sequence/if/sequence" type="sequence"/>
      <layout_item collapsed="false" xpath="/process/sequence/if/sequence/if/elseif/sequence" type="sequence"/>
      <layout_item collapsed="false" xpath="/process/sequence/if/sequence/if/else/sequence" type="sequence"/>
   </graph_layout>
   <bookmarks/>
</graphics>
