<?xml version="1.0" encoding="UTF-8" ?>
<JavaBean xmlns="http://xmlns.oracle.com/adfm/beanmodel" version="12.2.1.0.31" id="assignmentContextType"
          Package="AprobacionManualOrdenesCompra_AprobacionManualOrdenesCompraHumantask"
          BeanClass="AprobacionManualOrdenesCompra_AprobacionManualOrdenesCompraHumantask.assignmentContextType"
          isJavaBased="false">
  <Attribute Name="name" Type="java.lang.String">
    <Properties>
      <CustomProperties>
        <Property Name="nextSiblingNamespace" Value="http://xmlns.oracle.com/bpel/workflow/task"/>
        <Property Name="nextSibling" Value="value"/>
        <Property Name="minOccurs" Value="1"/>
        <Property Name="maxOccurs" Value="1"/>
        <Property Name="LABEL" Value="Name"/>
        <Property Name="LeafElement_hint" Value="LeafElement_no_attribute"/>
        <Property Name="nillable" Value="false"/>
        <Property Name="originalName" Value="name"/>
        <Property Name="targetNamespace" Value="http://xmlns.oracle.com/bpel/workflow/task"/>
        <Property Name="type" Value="java.lang.String"/>
      </CustomProperties>
    </Properties>
  </Attribute>
  <Attribute Name="type" Type="java.lang.String">
    <Properties>
      <CustomProperties>
        <Property Name="minOccurs" Value="1"/>
        <Property Name="maxOccurs" Value="1"/>
        <Property Name="LABEL" Value="Type"/>
        <Property Name="LeafElement_hint" Value="LeafElement_no_attribute"/>
        <Property Name="nillable" Value="false"/>
        <Property Name="originalName" Value="type"/>
        <Property Name="targetNamespace" Value="http://xmlns.oracle.com/bpel/workflow/task"/>
        <Property Name="enumeration" Value="[SYSTEM, USER]"/>
        <Property Name="type" Value="java.lang.String"/>
      </CustomProperties>
    </Properties>
  </Attribute>
  <AccessorAttribute id="value" IsCollection="true"
                     BeanClass="AprobacionManualOrdenesCompra_AprobacionManualOrdenesCompraHumantask.assignmentContextTypeValueType"
                     CollectionBeanClass="AprobacionManualOrdenesCompra_AprobacionManualOrdenesCompraHumantask.assignmentContextTypeValueType_value_Operations">
    <Properties>
      <Property Name="nextSiblingNamespace" Value="http://xmlns.oracle.com/bpel/workflow/task"/>
      <Property Name="nextSibling" Value="type"/>
      <Property Name="minOccurs" Value="1"/>
      <Property Name="maxOccurs" Value="1"/>
      <Property Name="LABEL" Value="Value"/>
      <Property Name="LeafElement_hint" Value="LeafElement_with_attribute"/>
      <Property Name="nillable" Value="false"/>
      <Property Name="originalName" Value="value"/>
      <Property Name="targetNamespace" Value="http://xmlns.oracle.com/bpel/workflow/task"/>
    </Properties>
  </AccessorAttribute>
</JavaBean>
