<?xml version="1.0" encoding="UTF-8" ?>
<JavaBean xmlns="http://xmlns.oracle.com/adfm/beanmodel" version="12.2.1.0.31" id="keyListType"
          Package="AprobacionManualOrdenesCompra_AprobacionManualOrdenesCompraHumantask"
          BeanClass="AprobacionManualOrdenesCompra_AprobacionManualOrdenesCompraHumantask.keyListType"
          isJavaBased="false">
  <AccessorAttribute id="key" IsCollection="true"
                     BeanClass="AprobacionManualOrdenesCompra_AprobacionManualOrdenesCompraHumantask.keyType"
                     CollectionBeanClass="AprobacionManualOrdenesCompra_AprobacionManualOrdenesCompraHumantask.keyType_key_Operations">
    <Properties>
      <Property Name="minOccurs" Value="1"/>
      <Property Name="maxOccurs" Value="2147483640"/>
      <Property Name="LABEL" Value="Key"/>
      <Property Name="nillable" Value="false"/>
      <Property Name="originalName" Value="key"/>
      <Property Name="targetNamespace" Value="http://xmlns.oracle.com/bpel/workflow/task"/>
    </Properties>
  </AccessorAttribute>
</JavaBean>
