<?xml version="1.0" encoding="UTF-8" ?>
<JavaBean xmlns="http://xmlns.oracle.com/adfm/beanmodel" version="12.2.1.0.31" id="preActionUserStepsType"
          Package="AprobacionManualOrdenesCompra_AprobacionManualOrdenesCompraHumantask"
          BeanClass="AprobacionManualOrdenesCompra_AprobacionManualOrdenesCompraHumantask.preActionUserStepsType"
          isJavaBased="false">
  <AccessorAttribute id="preActionUserStep" IsCollection="true"
                     BeanClass="AprobacionManualOrdenesCompra_AprobacionManualOrdenesCompraHumantask.preActionUserStepType"
                     CollectionBeanClass="AprobacionManualOrdenesCompra_AprobacionManualOrdenesCompraHumantask.preActionUserStepType_preActionUserStep_Operations">
    <Properties>
      <Property Name="minOccurs" Value="0"/>
      <Property Name="maxOccurs" Value="2147483640"/>
      <Property Name="LABEL" Value="Pre Action User Step"/>
      <Property Name="nillable" Value="false"/>
      <Property Name="originalName" Value="preActionUserStep"/>
      <Property Name="targetNamespace" Value="http://xmlns.oracle.com/bpel/workflow/task"/>
    </Properties>
  </AccessorAttribute>
</JavaBean>
