<?xml version="1.0" encoding="UTF-8" ?>
<JavaBean xmlns="http://xmlns.oracle.com/adfm/beanmodel" version="12.2.1.0.31" id="UpdatableEvidenceAttributesType"
          Package="AprobacionManualOrdenesCompra_AprobacionManualOrdenesCompraHumantask"
          BeanClass="AprobacionManualOrdenesCompra_AprobacionManualOrdenesCompraHumantask.UpdatableEvidenceAttributesType"
          isJavaBased="false">
  <Attribute Name="verifiedDate" Type="java.sql.Timestamp">
    <Properties>
      <CustomProperties>
        <Property Name="nextSiblingNamespace" Value="http://xmlns.oracle.com/bpel/workflow/TaskEvidenceService"/>
        <Property Name="nextSibling" Value="errorMessage"/>
        <Property Name="minOccurs" Value="1"/>
        <Property Name="maxOccurs" Value="1"/>
        <Property Name="LABEL" Value="Verified Date"/>
        <Property Name="LeafElement_hint" Value="LeafElement_no_attribute"/>
        <Property Name="nillable" Value="false"/>
        <Property Name="originalName" Value="verifiedDate"/>
        <Property Name="targetNamespace" Value="http://xmlns.oracle.com/bpel/workflow/TaskEvidenceService"/>
        <Property Name="type" Value="dateTime"/>
      </CustomProperties>
    </Properties>
  </Attribute>
  <Attribute Name="errorMessage" Type="java.lang.String">
    <Properties>
      <CustomProperties>
        <Property Name="nextSiblingNamespace" Value="http://xmlns.oracle.com/bpel/workflow/TaskEvidenceService"/>
        <Property Name="nextSibling" Value="status"/>
        <Property Name="minOccurs" Value="0"/>
        <Property Name="maxOccurs" Value="1"/>
        <Property Name="LABEL" Value="Error Message"/>
        <Property Name="LeafElement_hint" Value="LeafElement_no_attribute"/>
        <Property Name="nillable" Value="false"/>
        <Property Name="originalName" Value="errorMessage"/>
        <Property Name="targetNamespace" Value="http://xmlns.oracle.com/bpel/workflow/TaskEvidenceService"/>
        <Property Name="type" Value="java.lang.String"/>
      </CustomProperties>
    </Properties>
  </Attribute>
  <Attribute Name="status" Type="java.lang.String">
    <Properties>
      <CustomProperties>
        <Property Name="minOccurs" Value="0"/>
        <Property Name="maxOccurs" Value="1"/>
        <Property Name="LABEL" Value="Status"/>
        <Property Name="LeafElement_hint" Value="LeafElement_no_attribute"/>
        <Property Name="nillable" Value="false"/>
        <Property Name="originalName" Value="status"/>
        <Property Name="targetNamespace" Value="http://xmlns.oracle.com/bpel/workflow/TaskEvidenceService"/>
        <Property Name="type" Value="java.lang.String"/>
      </CustomProperties>
    </Properties>
  </Attribute>
</JavaBean>
