<?xml version="1.0" encoding="UTF-8" ?>
<!-- Generated by Oracle SOA Modeler version 12.2.1.0.0.151013 at [5/25/16 2:27 AM]. -->
<composite name="ValidacionTarjetaCredito"
           revision="1.0"
           label="2016-05-25_02-27-06_635"
           mode="active"
           state="on"
           xmlns="http://xmlns.oracle.com/sca/1.0"
           xmlns:xs="http://www.w3.org/2001/XMLSchema"
           xmlns:wsp="http://schemas.xmlsoap.org/ws/2004/09/policy"
           xmlns:orawsp="http://schemas.oracle.com/ws/2006/01/policy"
           xmlns:ui="http://xmlns.oracle.com/soa/designer/"
           xmlns:sca-ext="http://xmlns.oracle.com/sca/1.0-ext">
  <import namespace="http://oracle.com/sca/soapservice/ValidacionTarjetaCredito/ValidacionTarjetaCredito/ValidacionTarjetaCreditoService"
          location="WSDLs/ValidacionTarjetaCreditoService.wsdl" importType="wsdl"/>
  <import namespace="http://xmlns.oracle.com/pcbpel/adapter/db/ValidacionTarjetaCredito/ValidacionTarjetaCredito/ObtenerEstatusTarjetaCredito"
          location="WSDLs/ObtenerEstatusTarjetaCredito.wsdl" importType="wsdl"/>
  <service name="ValidacionTarjetaCreditoService" ui:wsdlLocation="WSDLs/ValidacionTarjetaCreditoService.wsdl">
    <interface.wsdl interface="http://oracle.com/sca/soapservice/ValidacionTarjetaCredito/ValidacionTarjetaCredito/ValidacionTarjetaCreditoService#wsdl.interface(execute_ptt)"/>
    <binding.ws port="http://oracle.com/sca/soapservice/ValidacionTarjetaCredito/ValidacionTarjetaCredito/ValidacionTarjetaCreditoService#wsdl.endpoint(ValidacionTarjetaCreditoService/execute_pt)">
      <property name="weblogic.wsee.wsat.transaction.flowOption" type="xs:string" many="false">NEVER</property>
    </binding.ws>
  </service>
  <property name="productVersion" type="xs:string" many="false">12.2.1.0.0.151013</property>
  <property name="compositeID" type="xs:string" many="false">3ddad384-6196-4003-a821-d4bdccb2ec43</property>
  <component name="RuteoValidacionTarjetaCredito">
    <implementation.mediator src="Mediators/RuteoValidacionTarjetaCredito.mplan"/>
    <componentType>
      <service name="RuteoValidacionTarjetaCredito" ui:wsdlLocation="WSDLs/ValidacionTarjetaCreditoService.wsdl">
        <interface.wsdl interface="http://oracle.com/sca/soapservice/ValidacionTarjetaCredito/ValidacionTarjetaCredito/ValidacionTarjetaCreditoService#wsdl.interface(execute_ptt)"/>
      </service>
      <reference name="ObtenerEstatusTarjetaCredito" ui:wsdlLocation="WSDLs/ObtenerEstatusTarjetaCredito.wsdl">
        <interface.wsdl interface="http://xmlns.oracle.com/pcbpel/adapter/db/ValidacionTarjetaCredito/ValidacionTarjetaCredito/ObtenerEstatusTarjetaCredito#wsdl.interface(ObtenerEstatusTarjetaCredito_ptt)"/>
      </reference>
    </componentType>
  </component>
  <reference name="ObtenerEstatusTarjetaCredito" ui:wsdlLocation="WSDLs/ObtenerEstatusTarjetaCredito.wsdl">
    <interface.wsdl interface="http://xmlns.oracle.com/pcbpel/adapter/db/ValidacionTarjetaCredito/ValidacionTarjetaCredito/ObtenerEstatusTarjetaCredito#wsdl.interface(ObtenerEstatusTarjetaCredito_ptt)"/>
    <binding.jca config="Adapters/ObtenerEstatusTarjetaCredito_db.jca"/>
    <property name="jca.retry.count" type="xs:int" many="false" override="may">4</property>
    <property name="jca.retry.interval" type="xs:int" many="false" override="may">1</property>
    <property name="jca.retry.backoff" type="xs:int" many="false" override="may">2</property>
    <property name="jca.retry.maxInterval" type="xs:int" many="false" override="may">120</property>
  </reference>
  <wire>
    <source.uri>ValidacionTarjetaCreditoService</source.uri>
    <target.uri>RuteoValidacionTarjetaCredito/RuteoValidacionTarjetaCredito</target.uri>
  </wire>
  <wire>
    <source.uri>RuteoValidacionTarjetaCredito/ObtenerEstatusTarjetaCredito</source.uri>
    <target.uri>ObtenerEstatusTarjetaCredito</target.uri>
  </wire>
</composite>
