<?xml version="1.0" encoding="UTF-8"?>
<dgm:gDiagram xmlns:dgm="http://xmlns.oracle.com/sca/soadgm">
    <dgm:gService name="OrdenCompraService">
        <dgm:body borderWidth="2" arcRad="20" X="21" Y="113" width="137" height="84">
            <dgm:borderColor r="153" g="153" b="153"/>
            <dgm:bgColor r="255" g="255" b="255"/>
        </dgm:body>
        <dgm:shadow arcRad="20" X="11" Y="106" width="156" height="98">
            <dgm:bgColor r="196" g="228" b="240"/>
        </dgm:shadow>
        <dgm:outputPort name="OrdenCompraService" X="127" Y="0" diameter="20" imageURI="oracle/tip/tools/ide/fabric/resource/image/visuals_rd1/servicereference.png" interface="http://oracle.com/sca/soapservice/ProcesamientoOrdenesCompra/ProcesamientoOrdenesCompra/OrdenCompraService#wsdl.interface(execute_ptt)"/>
        <dgm:nodeIcon URI="/oracle/tip/tools/ide/adapters/designtime/adapter/images/soap_service_20x20.png" X="20" Y="4" width="20" height="20"/>
        <dgm:operations>
            <dgm:item>RecibeOrdenCompra</dgm:item>
        </dgm:operations>
    </dgm:gService>
    <dgm:gReference name="GuardaOrdenCompraValidada">
        <dgm:body borderWidth="2" arcRad="20" X="821" Y="26" width="136" height="84">
            <dgm:borderColor r="153" g="153" b="153"/>
            <dgm:bgColor r="255" g="255" b="255"/>
        </dgm:body>
        <dgm:shadow arcRad="20" X="811" Y="19" width="156" height="98">
            <dgm:bgColor r="196" g="228" b="240"/>
        </dgm:shadow>
        <dgm:inputPort name="GuardaOrdenCompraValidada" X="-10" Y="0" diameter="20" imageURI="oracle/tip/tools/ide/fabric/resource/image/visuals_rd1/servicereference.png" interface="http://xmlns.oracle.com/pcbpel/adapter/file/ProcesamientoOrdenesCompra/ProcesamientoOrdenesCompra/GuardaOrdenCompraValidada#wsdl.interface(Write_ptt)"/>
        <dgm:nodeIcon URI="/oracle/tip/tools/ide/adapters/designtime/adapter/images/file_adapter_20x20.png" X="27" Y="4" width="20" height="20"/>
        <dgm:operations>
            <dgm:item>Write</dgm:item>
        </dgm:operations>
    </dgm:gReference>
    <dgm:gReference name="ValidaTarjetaCredito">
        <dgm:body borderWidth="2" arcRad="20" X="821" Y="144" width="136" height="84">
            <dgm:borderColor r="153" g="153" b="153"/>
            <dgm:bgColor r="255" g="255" b="255"/>
        </dgm:body>
        <dgm:shadow arcRad="20" X="811" Y="137" width="156" height="98">
            <dgm:bgColor r="196" g="228" b="240"/>
        </dgm:shadow>
        <dgm:inputPort name="ValidaTarjetaCredito" X="-10" Y="0" diameter="20" imageURI="oracle/tip/tools/ide/fabric/resource/image/visuals_rd1/servicereference.png" interface="http://oracle.com/sca/soapservice/ValidacionTarjetaCredito/ValidacionTarjetaCredito/ValidacionTarjetaCreditoService#wsdl.interface(execute_ptt)"/>
        <dgm:nodeIcon URI="/oracle/tip/tools/ide/adapters/designtime/adapter/images/soap_service_20x20.png" X="27" Y="4" width="20" height="20"/>
        <dgm:operations>
            <dgm:item>ValidaTarjetaCredito</dgm:item>
        </dgm:operations>
    </dgm:gReference>
    <dgm:gComponent name="RuteaProcesamientoORden">
        <dgm:body borderWidth="2" arcRad="20" X="226" Y="98" width="130" height="86">
            <dgm:borderColor r="128" g="92" b="148"/>
            <dgm:lightBgColor r="208" g="169" b="227"/>
            <dgm:darkBgColor r="183" g="132" b="212"/>
        </dgm:body>
        <dgm:shadow arcRad="20" X="216" Y="91" width="150" height="102">
            <dgm:bgColor r="196" g="228" b="240"/>
        </dgm:shadow>
        <dgm:inputPort name="RuteaProcesamientoORden" X="-10" Y="15" diameter="20" imageURI="oracle/tip/tools/ide/fabric/resource/image/visuals_rd1/servicereference.png" interface="http://oracle.com/sca/soapservice/ProcesamientoOrdenesCompra/ProcesamientoOrdenesCompra/OrdenCompraService#wsdl.interface(execute_ptt)"/>
        <dgm:outputPort name="GuardaOrdenCompraValidada" X="120" Y="15" diameter="20" imageURI="oracle/tip/tools/ide/fabric/resource/image/visuals_rd1/servicereference.png" interface="http://xmlns.oracle.com/pcbpel/adapter/file/ProcesamientoOrdenesCompra/ProcesamientoOrdenesCompra/GuardaOrdenCompraValidada#wsdl.interface(Write_ptt)"/>
        <dgm:outputPort name="ValidaOrdenesCompraBPEL.validaordenescomprabpel_client" X="120" Y="40" diameter="20" imageURI="oracle/tip/tools/ide/fabric/resource/image/visuals_rd1/servicereference.png" interface="http://xmlns.oracle.com/ProcesamientoOrdenesCompra/ProcesamientoOrdenesCompra/ValidaOrdenesCompraBPEL#wsdl.interface(ValidaOrdenesCompraBPEL)" callbackInterface="http://xmlns.oracle.com/ProcesamientoOrdenesCompra/ProcesamientoOrdenesCompra/ValidaOrdenesCompraBPEL#wsdl.interface(ValidaOrdenesCompraBPELCallback)"/>
        <dgm:nodeIcon URI="/oracle/tip/tools/ide/mediator/resource/image/mediator_20x20.png" X="10" Y="4" width="20" height="20"/>
    </dgm:gComponent>
    <dgm:gComponent name="ValidaOrdenesCompraBPEL">
        <dgm:body borderWidth="2" arcRad="20" X="424" Y="172" width="130" height="86">
            <dgm:borderColor r="69" g="113" b="140"/>
            <dgm:lightBgColor r="166" g="208" b="230"/>
            <dgm:darkBgColor r="99" g="162" b="201"/>
        </dgm:body>
        <dgm:shadow arcRad="20" X="414" Y="165" width="150" height="102">
            <dgm:bgColor r="196" g="228" b="240"/>
        </dgm:shadow>
        <dgm:inputPort name="validaordenescomprabpel_client" X="-10" Y="15" diameter="20" imageURI="oracle/tip/tools/ide/fabric/resource/image/visuals_rd1/servicereference.png" interface="http://xmlns.oracle.com/ProcesamientoOrdenesCompra/ProcesamientoOrdenesCompra/ValidaOrdenesCompraBPEL#wsdl.interface(ValidaOrdenesCompraBPEL)" callbackInterface="http://xmlns.oracle.com/ProcesamientoOrdenesCompra/ProcesamientoOrdenesCompra/ValidaOrdenesCompraBPEL#wsdl.interface(ValidaOrdenesCompraBPELCallback)"/>
        <dgm:outputPort name="ValidaTarjetaCredito" X="120" Y="15" diameter="20" imageURI="oracle/tip/tools/ide/fabric/resource/image/visuals_rd1/servicereference.png" interface="http://oracle.com/sca/soapservice/ValidacionTarjetaCredito/ValidacionTarjetaCredito/ValidacionTarjetaCreditoService#wsdl.interface(execute_ptt)"/>
        <dgm:outputPort name="AprobacionManualOrdenesCompra.TaskService" X="120" Y="40" diameter="20" imageURI="oracle/tip/tools/ide/fabric/resource/image/visuals_rd1/servicereference.png" interface="http://xmlns.oracle.com/bpel/workflow/taskService#wsdl.interface(TaskService)" callbackInterface="http://xmlns.oracle.com/bpel/workflow/taskService#wsdl.interface(TaskServiceCallback)"/>
        <dgm:nodeIcon URI="/oracle/tip/tools/ide/bpel/shared/plugins/resources/images/soa/process_20x20.png" X="10" Y="4" width="20" height="20"/>
    </dgm:gComponent>
    <dgm:gComponent name="AprobacionManualOrdenesCompra">
        <dgm:body borderWidth="2" arcRad="20" X="623" Y="197" width="130" height="61">
            <dgm:borderColor r="109" g="136" b="65"/>
            <dgm:lightBgColor r="201" g="224" b="155"/>
            <dgm:darkBgColor r="157" g="195" b="93"/>
        </dgm:body>
        <dgm:shadow arcRad="20" X="613" Y="190" width="150" height="77">
            <dgm:bgColor r="196" g="228" b="240"/>
        </dgm:shadow>
        <dgm:inputPort name="TaskService" X="-10" Y="15" diameter="20" imageURI="oracle/tip/tools/ide/fabric/resource/image/visuals_rd1/servicereference.png" interface="http://xmlns.oracle.com/bpel/workflow/taskService#wsdl.interface(TaskService)" callbackInterface="http://xmlns.oracle.com/bpel/workflow/taskService#wsdl.interface(TaskServiceCallback)"/>
        <dgm:nodeIcon URI="/oracle/tip/tools/ide/workflow/resources/images/humantask_20x20.png" X="10" Y="4" width="20" height="20"/>
    </dgm:gComponent>
    <dgm:gWireLink source="OrdenCompraService" target="RuteaProcesamientoORden/RuteaProcesamientoORden" width="2">
        <dgm:gSegment X1="168" Y1="123" X2="216" Y2="123"/>
        <dgm:baseColor r="153" g="153" b="153"/>
        <dgm:selectedColor r="49" g="106" b="196"/>
    </dgm:gWireLink>
    <dgm:gWireLink source="RuteaProcesamientoORden/GuardaOrdenCompraValidada" target="GuardaOrdenCompraValidada" width="2">
        <dgm:gSegment X1="366" Y1="123" X2="390" Y2="123"/>
        <dgm:gSegment X1="390" Y1="123" X2="390" Y2="36"/>
        <dgm:gSegment X1="390" Y1="36" X2="811" Y2="36"/>
        <dgm:baseColor r="153" g="153" b="153"/>
        <dgm:selectedColor r="49" g="106" b="196"/>
    </dgm:gWireLink>
    <dgm:gWireLink source="ValidaOrdenesCompraBPEL/ValidaTarjetaCredito" target="ValidaTarjetaCredito" width="2">
        <dgm:gSegment X1="564" Y1="197" X2="589" Y2="197"/>
        <dgm:gSegment X1="589" Y1="197" X2="589" Y2="154"/>
        <dgm:gSegment X1="589" Y1="154" X2="811" Y2="154"/>
        <dgm:baseColor r="153" g="153" b="153"/>
        <dgm:selectedColor r="49" g="106" b="196"/>
    </dgm:gWireLink>
    <dgm:gWireLink source="RuteaProcesamientoORden/ValidaOrdenesCompraBPEL.validaordenescomprabpel_client" target="ValidaOrdenesCompraBPEL/validaordenescomprabpel_client" width="2">
        <dgm:gSegment X1="366" Y1="148" X2="390" Y2="148"/>
        <dgm:gSegment X1="390" Y1="148" X2="390" Y2="197"/>
        <dgm:gSegment X1="390" Y1="197" X2="414" Y2="197"/>
        <dgm:baseColor r="153" g="153" b="153"/>
        <dgm:selectedColor r="49" g="106" b="196"/>
    </dgm:gWireLink>
    <dgm:gWireLink source="ValidaOrdenesCompraBPEL/AprobacionManualOrdenesCompra.TaskService" target="AprobacionManualOrdenesCompra/TaskService" width="2">
        <dgm:gSegment X1="564" Y1="222" X2="613" Y2="222"/>
        <dgm:baseColor r="153" g="153" b="153"/>
        <dgm:selectedColor r="49" g="106" b="196"/>
    </dgm:gWireLink>
</dgm:gDiagram>