<?xml version = '1.0' encoding = 'UTF-8'?>
<hwTaskFlows xmlns="http://xmlns.oracle.com/bpel/workflow/hwTaskFlowProperties">
   <ApplicationName>worklist</ApplicationName>
   <LookupType>LOCAL</LookupType>
   <TaskFlowDeploy>false</TaskFlowDeploy>
   <TaskFlowServer>
      <hostName/>
      <httpPort/>
      <httpsPort/>
   </TaskFlowServer>
<hwTaskFlow><WorkflowName>AprobacionManualOrdenesCompraHumantask</WorkflowName><TaskDefinitionNamespace>http://xmlns.oracle.com/ProcesamientoOrdenesCompra/ProcesamientoOrdenesCompra/AprobacionManualOrdenesCompraHumantask</TaskDefinitionNamespace><TaskFlowId>AprobacionManualOrdenesCompraHumantask_TaskFlow</TaskFlowId><TaskFlowFileName>WEB-INF/AprobacionManualOrdenesCompraHumantask_TaskFlow.xml</TaskFlowFileName></hwTaskFlow></hwTaskFlows>
