<?xml version = '1.0' encoding = 'UTF-8'?>
<!DOCTYPE properties SYSTEM "http://java.sun.com/dtd/properties.dtd">
<properties>
   <entry key="TARJETACREDITOINFO.TITULARAPELLIDO:db_column_size">50</entry>
   <entry key="TARJETACREDITOINFO.NUMERO:db_column_size">20</entry>
   <entry key="TARJETACREDITOINFO:db_table_type">TABLE</entry>
   <entry key="TARJETACREDITOINFO.ESTATUS:db_column_type">VARCHAR2</entry>
   <entry key="TARJETACREDITOINFO.TITULARNOMBRE:db_column_type">VARCHAR2</entry>
   <entry key="TARJETACREDITOINFO.TITULARAPELLIDO:db_column_not_null">false</entry>
   <entry key="TARJETACREDITOINFO:db_column_3">ESTATUS</entry>
   <entry key="TARJETACREDITOINFO:db_column_2">NUMERO</entry>
   <entry key="TARJETACREDITOINFO:db_column_1">TITULARAPELLIDO</entry>
   <entry key="TARJETACREDITOINFO:db_column_0">TITULARNOMBRE</entry>
   <entry key="TARJETACREDITOINFO.ESTATUS:db_column_not_null">false</entry>
   <entry key="TARJETACREDITOINFO.ESTATUS:db_column_size">20</entry>
   <entry key="TARJETACREDITOINFO.TITULARAPELLIDO:db_column_type">VARCHAR2</entry>
   <entry key="TARJETACREDITOINFO.TITULARNOMBRE:db_column_not_null">false</entry>
   <entry key="TARJETACREDITOINFO.NUMERO:db_column_type">VARCHAR2</entry>
   <entry key="root_descriptor_alias">TARJETACREDITOINFO</entry>
   <entry key="TARJETACREDITOINFO.NUMERO:db_column_not_null">false</entry>
   <entry key="TARJETACREDITOINFO.TITULARNOMBRE:db_column_size">50</entry>
</properties>