<?xml version="1.0" encoding="UTF-8" ?>
<!-- Generated by Oracle SOA Modeler version 12.2.1.0.0.151013 at [5/25/16 9:59 AM]. -->
<composite name="ProcesamientoOrdenesCompra"
           revision="1.0"
           label="2016-05-25_09-59-32_977"
           mode="active"
           state="on"
           xmlns="http://xmlns.oracle.com/sca/1.0"
           xmlns:xs="http://www.w3.org/2001/XMLSchema"
           xmlns:wsp="http://schemas.xmlsoap.org/ws/2004/09/policy"
           xmlns:orawsp="http://schemas.oracle.com/ws/2006/01/policy"
           xmlns:ui="http://xmlns.oracle.com/soa/designer/"
           xmlns:sca-ext="http://xmlns.oracle.com/sca/1.0-ext">
  <import namespace="http://oracle.com/sca/soapservice/ProcesamientoOrdenesCompra/ProcesamientoOrdenesCompra/OrdenCompraService"
          location="WSDLs/OrdenCompraService.wsdl" importType="wsdl"/>
  <import namespace="http://xmlns.oracle.com/pcbpel/adapter/file/ProcesamientoOrdenesCompra/ProcesamientoOrdenesCompra/GuardaOrdenCompraValidada"
          location="WSDLs/GuardaOrdenCompraValidada.wsdl" importType="wsdl"/>
  <import namespace="http://oracle.com/sca/soapservice/ValidacionTarjetaCredito/ValidacionTarjetaCredito/ValidacionTarjetaCreditoService"
          location="http://192.168.1.68:7101/soa-infra/services/default/ValidacionTarjetaCredito!1.0/WSDLs/ValidacionTarjetaCreditoService.wsdl"
          importType="wsdl"/>
  <import namespace="http://xmlns.oracle.com/ProcesamientoOrdenesCompra/ProcesamientoOrdenesCompra/validaOrdenesCompraBPEL"
          location="WSDLs/validaOrdenesCompraBPEL.wsdl" importType="wsdl"/>
  <import namespace="http://oracle.com/sca/soapservice/ValidacionTarjetaCredito/ValidacionTarjetaCredito/ValidacionTarjetaCreditoService"
          location="WSDLs/ValidacionTarjetaCreditoServiceWrapper.wsdl" importType="wsdl"/>
  <service name="OrdenCompraService" ui:wsdlLocation="WSDLs/OrdenCompraService.wsdl">
    <interface.wsdl interface="http://oracle.com/sca/soapservice/ProcesamientoOrdenesCompra/ProcesamientoOrdenesCompra/OrdenCompraService#wsdl.interface(execute_ptt)"/>
    <binding.ws port="http://oracle.com/sca/soapservice/ProcesamientoOrdenesCompra/ProcesamientoOrdenesCompra/OrdenCompraService#wsdl.endpoint(OrdenCompraService/execute_pt)">
      <property name="weblogic.wsee.wsat.transaction.flowOption" type="xs:string" many="false">NEVER</property>
    </binding.ws>
  </service>
  <property name="productVersion" type="xs:string" many="false">12.2.1.0.0.151013</property>
  <property name="compositeID" type="xs:string" many="false">db3b23c5-6e28-4c8a-837f-2352b1c6ff74</property>
  <component name="RuteaProcesamientoOrden">
    <implementation.mediator src="Mediators/RuteaProcesamientoORden.mplan"/>
    <componentType>
      <service name="RuteaProcesamientoORden" ui:wsdlLocation="WSDLs/OrdenCompraService.wsdl">
        <interface.wsdl interface="http://oracle.com/sca/soapservice/ProcesamientoOrdenesCompra/ProcesamientoOrdenesCompra/OrdenCompraService#wsdl.interface(execute_ptt)"/>
      </service>
      <reference name="GuardaOrdenCompraValidada" ui:wsdlLocation="WSDLs/GuardaOrdenCompraValidada.wsdl">
        <interface.wsdl interface="http://xmlns.oracle.com/pcbpel/adapter/file/ProcesamientoOrdenesCompra/ProcesamientoOrdenesCompra/GuardaOrdenCompraValidada#wsdl.interface(Write_ptt)"/>
      </reference>
      <reference name="validaOrdenesCompraBPEL.validaOrdenesCompraBPEL_client"
                 ui:wsdlLocation="WSDLs/validaOrdenesCompraBPEL.wsdl">
        <interface.wsdl interface="http://xmlns.oracle.com/ProcesamientoOrdenesCompra/ProcesamientoOrdenesCompra/validaOrdenesCompraBPEL#wsdl.interface(validaOrdenesCompraBPEL)"/>
      </reference>
    </componentType>
  </component>
  <component name="validaOrdenesCompraBPEL" version="2.0">
    <implementation.bpel src="BPEL/validaOrdenesCompraBPEL.bpel"/>
    <componentType>
      <service name="validaOrdenesCompraBPEL_client" ui:wsdlLocation="WSDLs/validaOrdenesCompraBPEL.wsdl">
        <interface.wsdl interface="http://xmlns.oracle.com/ProcesamientoOrdenesCompra/ProcesamientoOrdenesCompra/validaOrdenesCompraBPEL#wsdl.interface(validaOrdenesCompraBPEL)"/>
      </service>
      <reference name="ValidacionTarjetaCreditoWS" ui:wsdlLocation="WSDLs/ValidacionTarjetaCreditoServiceWrapper.wsdl">
        <interface.wsdl interface="http://oracle.com/sca/soapservice/ValidacionTarjetaCredito/ValidacionTarjetaCredito/ValidacionTarjetaCreditoService#wsdl.interface(execute_ptt)"/>
      </reference>
    </componentType>
    <property name="bpel.config.transaction" type="xs:string" many="false">required</property>
  </component>
  <reference name="GuardaOrdenCompraValidada" ui:wsdlLocation="WSDLs/GuardaOrdenCompraValidada.wsdl">
    <interface.wsdl interface="http://xmlns.oracle.com/pcbpel/adapter/file/ProcesamientoOrdenesCompra/ProcesamientoOrdenesCompra/GuardaOrdenCompraValidada#wsdl.interface(Write_ptt)"/>
    <binding.jca config="Adapters/GuardaOrdenCompraValidada_file.jca"/>
  </reference>
  <reference name="ValidacionTarjetaCreditoWS"
             ui:wsdlLocation="http://192.168.1.68:7101/soa-infra/services/default/ValidacionTarjetaCredito!1.0/WSDLs/ValidacionTarjetaCreditoService.wsdl">
    <interface.wsdl interface="http://oracle.com/sca/soapservice/ValidacionTarjetaCredito/ValidacionTarjetaCredito/ValidacionTarjetaCreditoService#wsdl.interface(execute_ptt)"/>
    <binding.ws port="http://oracle.com/sca/soapservice/ValidacionTarjetaCredito/ValidacionTarjetaCredito/ValidacionTarjetaCreditoService#wsdl.endpoint(ValidacionTarjetaCreditoService/execute_pt)"
                location="http://192.168.1.68:7101/soa-infra/services/default/ValidacionTarjetaCredito/ValidacionTarjetaCreditoService?WSDL"
                soapVersion="1.1">
      <property name="weblogic.wsee.wsat.transaction.flowOption" type="xs:string" many="false">WSDLDriven</property>
    </binding.ws>
  </reference>
  <wire>
    <source.uri>OrdenCompraService</source.uri>
    <target.uri>RuteaProcesamientoOrden/RuteaProcesamientoORden</target.uri>
  </wire>
  <wire>
    <source.uri>RuteaProcesamientoOrden/GuardaOrdenCompraValidada</source.uri>
    <target.uri>GuardaOrdenCompraValidada</target.uri>
  </wire>
  <wire>
    <source.uri>validaOrdenesCompraBPEL/ValidacionTarjetaCreditoWS</source.uri>
    <target.uri>ValidacionTarjetaCreditoWS</target.uri>
  </wire>
  <wire>
    <source.uri>RuteaProcesamientoOrden/validaOrdenesCompraBPEL.validaOrdenesCompraBPEL_client</source.uri>
    <target.uri>validaOrdenesCompraBPEL/validaOrdenesCompraBPEL_client</target.uri>
  </wire>
</composite>
